pays,or,argent,bronze,total_medals,score
United States,2446,1351,1187,4984,11227
Soviet Union,830,635,596,2061,4356
Germany,585,539,644,1768,3477
Great Britain,522,619,598,1739,3402
France,486,527,536,1549,3048
Italy,514,484,462,1460,2972
Australia,372,478,571,1421,2643
Hungary,441,335,398,1174,2391
Sweden,332,378,330,1040,2082
Russia,335,358,350,1043,2071
China,353,348,271,972,2026
Japan,298,326,355,979,1901
East Germany,337,277,227,841,1792
Netherlands,268,305,365,938,1779
Canada,169,235,349,753,1326
Romania,163,207,290,660,1193
Denmark,172,242,167,581,1167
South Korea,175,203,166,544,1097
Spain,111,283,157,551,1056
Poland,125,197,250,572,1019
Norway,153,167,170,490,963
West Germany,144,170,188,502,960
Brazil,132,178,194,504,946
Cuba,172,130,121,423,897
Finland,132,118,202,452,834
Belgium,112,158,158,428,810
Yugoslavia,130,161,92,383,804
Switzerland,99,180,141,420,798
Czechoslovakia,79,142,107,328,628
Bulgaria,60,143,143,346,609
New Zealand,114,83,90,287,598
Argentina,91,102,116,309,593
India,132,21,61,214,499
Unified Team,92,61,67,220,465
Ukraine,43,58,116,217,361
Greece,44,83,63,190,361
Jamaica,47,76,55,178,348
Austria,29,89,58,176,323
Croatia,59,52,38,149,319
Pakistan,42,45,34,121,250
South Africa,33,49,52,134,249
Kenya,38,45,33,116,237
Turkey,42,29,37,108,221
Mexico,30,26,78,134,220
Belarus,19,46,69,134,218
Serbia,30,30,60,120,210
Nigeria,23,31,47,101,178
Iran,21,23,31,75,140
Kazakhstan,19,22,37,78,138
Czech Republic,20,24,30,74,138
Uruguay,31,2,30,63,127
Serbia and Montenegro,12,26,26,64,114
Ethiopia,23,10,24,57,113
Chinese Taipei,6,34,25,65,111
China-1,26,12,8,46,110
North Korea,16,15,32,63,110
Slovakia,14,19,16,49,96
Fiji,26,0,13,39,91
Lithuania,6,8,48,62,82
United States-1,24,2,6,32,82
Ireland,12,13,18,43,80
Azerbaijan,7,15,29,51,80
Estonia,13,10,20,43,79
Bahamas,14,11,13,38,77
Union des Socits Franais de Sports Athletiques,17,12,0,29,75
Australasia,20,4,5,29,73
Georgia,10,11,19,40,71
Uzbekistan,12,7,19,38,69
China-2,14,6,12,32,66
Great Britain-1,16,6,4,26,64
Cameroon,20,1,1,22,63
Slovenia,9,10,16,35,63
Indonesia,9,12,12,33,63
Thailand,10,8,14,32,60
Zimbabwe,17,4,1,22,60
Egypt,8,9,16,33,58
Portugal,5,8,26,39,57
England-1,11,12,0,23,57
Vesper Boat Club,18,0,0,18,54
Trinidad and Tobago,7,8,17,32,54
Colombia,5,12,15,32,54
Dominican Republic,3,9,27,39,54
Leander Club-1,18,0,0,18,54
"Large boat, Central Naval Prep School ""Poros""-1",17,0,0,17,51
Latvia,7,11,5,23,48
South Korea-1,6,6,18,30,48
Chile,3,9,20,32,47
Great Britain-2,4,10,14,28,46
Mongolia,2,11,17,30,45
Brazil-1,6,12,2,20,44
Morocco,7,5,12,24,43
Royal Club Nautique de Gand,0,21,0,21,42
"Phalainis ton Thorichtou ""Hydra""-2",0,17,7,24,41
Galt Football Club,13,0,0,13,39
"Marinai della nave da guerra ""Varese""",7,0,17,24,38
United States-2,6,8,4,18,38
Winnipeg Shamrocks-1,12,0,0,12,36
Angelita,12,0,0,12,36
Devon and Somerset Wanderers,12,0,0,12,36
Paraguay,0,17,0,17,34
Llanoria,11,0,0,11,33
Upton Park FC,11,0,0,11,33
Iceland,0,15,2,17,32
Algeria,5,4,8,17,31
Peru,1,14,0,15,31
Venezuela,3,6,10,19,31
Armenia,2,7,11,20,31
Israel,3,1,19,23,30
Western Golf Association-1,10,0,0,10,30
Hera-1,10,0,0,10,30
Moseley Wanderers,0,15,0,15,30
Frankfurt Club,0,15,0,15,30
Magda IX,10,0,0,10,30
Cornwall,0,15,0,15,30
Indonesia-1,4,6,4,14,28
South Korea-2,4,4,8,16,28
Montenegro,0,14,0,14,28
Minerva Amsterdam,3,5,9,17,28
Tunisia,4,4,7,15,27
Atlanta,9,0,0,9,27
Heira II,9,0,0,9,27
Toronto Argonauts,0,9,9,18,27
USFSA,0,13,0,13,26
Malaysia,0,10,5,15,25
Ghana,0,1,23,24,25
Kitty-1,8,0,0,8,24
Bucintoro Venezia,8,0,0,8,24
Ireland-2,0,12,0,12,24
St. Louis Amateur Athletic Association,0,12,0,12,24
London City Police-1,8,0,0,8,24
Uganda,4,4,3,11,23
France-1,2,5,7,14,23
Smyrna,0,11,0,11,22
Christian Brothers' College-1,0,11,0,11,22
Racing Club de France,0,11,0,11,22
Chicago Athletic Association-2,0,11,0,11,22
New York Athletic Club-1,7,0,0,7,21
Eleda,7,0,0,7,21
Mosk II,7,0,0,7,21
"Osborne Swimming Club, Manchester",7,0,0,7,21
Philippines,1,5,8,14,21
Erna Signe,0,10,0,10,20
Mouchette-2,0,10,0,10,20
Aschenbrodel,4,4,0,8,20
Germany-1,4,2,4,10,20
Brussels Swimming and Water Polo Club,0,10,0,10,20
Trans-Mississippi Golf Association-2,0,10,0,10,20
Cincinnati Archers,4,4,0,8,20
L'Aile VI,6,0,0,6,18
Italia,6,0,0,6,18
Quand-Mme-2,0,9,0,9,18
Denmark/Sweden,6,0,0,6,18
Scotia,6,0,0,6,18
Gyrinus-1,6,0,0,6,18
"Philadelphia Turngemeinde, Philadelphia",6,0,0,6,18
Olle,6,0,0,6,18
Pan,6,0,0,6,18
"New College, Oxford-2",0,9,0,9,18
Omas Helliniki P. S.,0,8,0,8,16
Luxembourg,4,2,0,6,16
Puerto Rico,2,2,6,10,16
Liverpool Police Team-2,0,8,0,8,16
Favorite-1,0,8,0,8,16
Lalage,5,0,0,5,15
Ludwigshafener Ruderverein,5,0,0,5,15
Nykjbings paa Falster,5,0,0,5,15
Milwaukee Athletic Club-1,5,0,0,5,15
Irene,5,0,0,5,15
Lerina,3,3,0,6,15
New York Athletic Club,5,0,0,5,15
Foxhunters Hurlingham,5,0,0,5,15
Cercle de l'Aviron Roubaix-4,5,0,0,5,15
Singapore,1,4,4,9,15
Gitana-2,0,5,5,10,15
Amateur Athletic Association,5,0,0,5,15
"Germania Ruder Club, Hamburg-2",5,0,0,5,15
Taifun,5,0,0,5,15
Cobweb-1,5,0,0,5,15
Bera,5,0,0,5,15
Nina,0,7,0,7,14
Czech Republic-1,0,4,6,10,14
Qatar,2,1,6,9,14
"Life boat naval ship ""Spetsai""-1",0,7,0,7,14
Ecuador,3,2,0,5,13
Socit Nautique de la Basse Seine-1,0,5,3,8,13
Moldova,0,3,6,9,12
Complex II,4,0,0,4,12
Martha-1,0,4,4,8,12
Potomac Archers,4,0,0,4,12
Bohemia,0,1,10,11,12
Deutscher Schwimm Verband Berlin,4,0,0,4,12
Tornado,2,3,0,5,12
Norna,4,0,0,4,12
Roehampton-1,4,0,0,4,12
Century Boat Club-1,4,0,0,4,12
St. Rose-2,0,0,12,12,12
Mohawk Indians-2,0,0,12,12,12
Magdalen College Boat Club-1,4,0,0,4,12
Bissbi,4,0,0,4,12
Silja,0,6,0,6,12
Hollandia,0,6,0,6,12
"Hong Kong, China",1,2,5,8,12
Heroine,4,0,0,4,12
Sif,4,0,0,4,12
"New York Turnverein, New York",0,6,0,6,12
Sildra-1,4,0,0,4,12
New York Athletic Club #1-1,4,0,0,4,12
Santa Maria,0,6,0,6,12
Greece-1,0,6,0,6,12
Ancora,4,0,0,4,12
Univ. of Brussels,0,0,11,11,11
Thessalonki-1,0,0,11,11,11
Wales-4,0,0,11,11,11
Missouri Athletic Club-3,0,0,11,11,11
Scotland-3,0,0,11,11,11
Sans Atout-1,0,5,0,5,10
Chicago Athletic Association,0,5,0,5,10
Namibia,0,5,0,5,10
Gallant,0,5,0,5,10
Djinn,0,5,0,5,10
Roddklubben af 1912-1,0,5,0,5,10
Thames Rowing Club,0,5,0,5,10
Elisabeth X,0,5,0,5,10
Spain-2,2,2,0,4,10
St. Louis Southwest Turnverein #1-2,0,5,0,5,10
Emily,0,5,0,5,10
Lyn-2,0,5,0,5,10
Tritons Lillois-2,0,5,0,5,10
Vinga-1,0,5,0,5,10
Lully II,0,5,0,5,10
United States Golf Association-3,0,0,10,10,10
Crabe II-1,0,5,0,5,10
Oranje,3,0,0,3,9
Bucintoro Venezia-1,3,0,0,3,9
Bona Fide,3,0,0,3,9
Cambridge University Boat Club-2,0,0,9,9,9
Slaghoken II,3,0,0,3,9
Pistoja/Firenze,0,0,9,9,9
Mac Miche,3,0,0,3,9
Berliner Ruderverein von 1876-2,0,0,9,9,9
Nirefs,3,0,0,3,9
Minotaur,3,0,0,3,9
Rush V,3,0,0,3,9
Elisabeth V,3,0,0,3,9
Edelweiss II-1,3,0,0,3,9
Vietnam,1,3,0,4,9
Jo,3,0,0,3,9
White Lady,3,0,0,3,9
Dormy-1,3,0,0,3,9
Barrenjoey,3,0,0,3,9
Kosovo,3,0,0,3,9
Beatrijs III-1,3,0,0,3,9
Kullan,3,0,0,3,9
Kyrgyzstan,0,3,3,6,9
Saudi Arabia,0,2,5,7,9
Mound City Rowing Club-2,0,4,0,4,8
Australia-1,2,0,2,4,8
"BLO Polo Club, Rugby",0,4,0,4,8
Vision,0,4,0,4,8
Bahrain,1,2,1,4,8
Leander Club-2,0,4,0,4,8
Botswana,0,1,6,7,8
Pupilles de Neptune de Lille #2-1,0,0,8,8,8
Hi-Hi,0,4,0,4,8
Hurlingham-2,0,4,0,4,8
France-3,2,0,2,4,8
Individual Olympic Athletes,1,1,3,5,8
Fornebo,0,4,0,4,8
Brazil-2,0,2,4,6,8
Sweden-2,0,4,0,4,8
Elsie,0,4,0,4,8
K Division Metropolitan Police Team-3,0,0,8,8,8
Ireland-3,0,4,0,4,8
Great Britain-3,0,2,4,6,8
Club Nautique de Lyon-2,0,4,0,4,8
Syria,1,1,2,4,7
Haiti,0,1,5,6,7
Tajikistan,1,1,2,4,7
Heatherbell,0,0,7,7,7
Costa Rica,1,1,2,4,7
Libellule de Paris,0,0,7,7,7
Gallia II,0,0,7,7,7
Russia-2,2,0,0,2,6
Seawanhaka Boat Club-1,2,0,0,2,6
Sirene,2,0,0,2,6
Slaghoken,0,3,0,3,6
Pandora,2,0,0,2,6
San Marino,0,2,2,4,6
Western Rowing Club-3,0,0,6,6,6
Wannsee,2,0,0,2,6
Web II,0,3,0,3,6
Sylvia,0,0,6,6,6
Tip,0,3,0,3,6
Rush VII,0,3,0,3,6
Tango,0,3,0,3,6
Rose Pompon,0,3,0,3,6
Swift,2,0,0,2,6
Nurdug II,0,3,0,3,6
Tan-Fe-Pah,0,3,0,3,6
Zut,0,3,0,3,6
Hilarius,2,0,0,2,6
East Germany-1,2,0,0,2,6
Atalanta Boat Club-1,2,0,0,2,6
Encore,0,3,0,3,6
Lebanon,0,2,2,4,6
Bonzo,0,3,0,3,6
Esterel-1,2,0,0,2,6
Kathleen,2,0,0,2,6
Jupiter,2,0,0,2,6
Favorite Hammonia-3,0,0,6,6,6
Jordan,1,1,1,3,6
Jest,2,0,0,2,6
Gem,2,0,0,2,6
Barion/Bari-2,0,3,0,3,6
Germania II,0,0,6,6,6
Great Britain/Germany,2,0,0,2,6
Grenada,1,1,1,3,6
Argonaut Rowing Club,0,0,6,6,6
Leander Club #1-1,2,0,0,2,6
Marmi II-1,0,3,0,3,6
Mutafo,0,3,0,3,6
Cote d'Ivoire,1,1,1,3,6
"Central Turnverein, Chicago",0,0,6,6,6
Merope,2,0,0,2,6
Mascotte,0,3,0,3,6
Polyteknisk Roklub-1,0,0,5,5,5
Namoussa,0,0,5,5,5
Ali-Baba II,0,0,5,5,5
Socit Nautique de Bayonne-2,0,0,5,5,5
Sorais-2,0,0,5,5,5
Crabe II-4,0,0,5,5,5
Ralia,0,0,5,5,5
Kristiania Roklub-1,0,0,5,5,5
Antwerpia V,0,0,5,5,5
St. Louis Southwest Turnverein #2-3,0,0,5,5,5
May Be,0,0,5,5,5
Ludwigshafener Ruder Verein-1,0,0,5,5,5
Burundi,1,1,0,2,5
Ormsund Roklub-2,0,0,5,5,5
West Indies Federation,0,0,5,5,5
Tutti V,0,0,5,5,5
Lucky Girl-1,0,0,5,5,5
Panama,1,0,2,3,5
France-2,0,0,4,4,4
United States/France,0,2,0,2,4
Glider,0,2,0,2,4
Sweden-1,0,2,0,2,4
Skum,0,2,0,2,4
Comanche,0,2,0,2,4
France/Great Britain,0,2,0,2,4
Societ Nautique de la Marne-1,0,2,0,2,4
Symphony,0,2,0,2,4
United Arab Emirates,1,0,1,2,4
Boston Archers,0,0,4,4,4
Tanzania,0,2,0,2,4
Falcon IV,0,2,0,2,4
Caprice,0,0,4,4,4
Czechoslovakia-1,0,2,0,2,4
Spain-1,0,2,0,2,4
Suriname,1,0,1,2,4
Scamasaxe-3,0,2,0,2,4
Sri Lanka,0,2,0,2,4
Sunshine,0,2,0,2,4
Boreas-2,0,2,0,2,4
Bermuda,1,0,1,2,4
A North American Team,0,0,4,4,4
Pupilles de Neptune de Lille-1,0,0,4,4,4
Atalanta Boat Club-2,0,2,0,2,4
"Bagatelle Polo Club, Paris",0,0,4,4,4
Leander Club #2-2,0,2,0,2,4
Italy-1,0,2,0,2,4
Ma'Lindo,0,2,0,2,4
Baby-1,1,0,1,2,4
Kurush II,0,2,0,2,4
Japan-1,0,2,0,2,4
Malaysia-1,0,2,0,2,4
Poland-1,0,2,0,2,4
Hong Kong-2,0,2,0,2,4
Hong Kong,1,0,1,2,4
Joy,0,2,0,2,4
Ravenswood Boat Club-2,0,2,0,2,4
Merope III,0,2,0,2,4
Nina Claire-2,0,0,4,4,4
Amstel Amsterdam,0,0,4,4,4
Lady C,0,2,0,2,4
Mozambique,1,0,1,2,4
West Germany-1,0,2,0,2,4
Stella-2,0,0,3,3,3
United Arab Republic,0,1,1,2,3
Kuwait,0,0,3,3,3
Kerstin-1,0,0,3,3,3
Macky VI,0,0,3,3,3
Buraddoo,0,0,3,3,3
Aphrodite,0,0,3,3,3
Nrnberg,1,0,0,1,3
Camille,1,0,0,1,3
Willem-Six,0,0,3,3,3
Carabinier-15,1,0,0,1,3
Zambia,0,1,1,2,3
Niger,0,1,1,2,3
Elvis Va,1,0,0,1,3
Cicely-1,1,0,0,1,3
Venilia,0,0,3,3,3
Guyoni,0,0,3,3,3
Hojwa,0,0,3,3,3
Bluebottle,0,0,3,3,3
Gustel X,0,0,3,3,3
Bingo,0,0,3,3,3
Belgium-1,1,0,0,1,3
Sarcelle-3,0,0,3,3,3
Ballerina IV,0,0,3,3,3
Gwendoline-2,0,0,3,3,3
Snap,0,0,3,3,3
Socit Nautique de Bayonne-1,0,0,3,3,3
Satchmo,1,0,0,1,3
Rowing Club Castillon-3,0,0,3,3,3
Bonaparte,1,0,0,1,3
Femur-1,1,0,0,1,3
Fantlet-7,1,0,0,1,3
Canada-1,0,0,2,2,2
Chuckles,0,0,2,2,2
United States/Great Britain,0,0,2,2,2
Australia/Great Britain,0,0,2,2,2
Widgeon,0,0,2,2,2
Turkmenistan,0,1,0,1,2
Bem II,0,0,2,2,2
Berliner Ruderclub,0,0,2,2,2
United States-4,0,0,2,2,2
United States-3,0,0,2,2,2
Bohemia/Great Britain,0,0,2,2,2
Brynhild-2,0,1,0,1,2
United States Virgin Islands,0,1,0,1,2
Tonga,0,1,0,1,2
Netherlands-1,0,0,2,2,2
Guatemala,0,1,0,1,2
Senegal,0,1,0,1,2
Margaret,0,0,2,2,2
Gabon,0,1,0,1,2
Gem IV,0,0,2,2,2
Greece-2,0,0,2,2,2
Shrew II,0,0,2,2,2
Malaysia-2,0,0,2,2,2
Scamasaxe-2,0,0,2,2,2
Espadarte,0,0,2,2,2
Salinero,0,1,0,1,2
Humbug V,0,0,2,2,2
Russia-1,0,0,2,2,2
Independent Rowing Club-3,0,0,2,2,2
Afghanistan,0,0,2,2,2
Latvia-1,0,0,2,2,2
Netherlands Antilles,0,1,0,1,2
Ethnikos Gymnastikos Syllogos,0,0,2,2,2
Rostock,0,1,0,1,2
Denmark-2,0,0,2,2,2
England,0,1,0,1,2
Starita,0,0,2,2,2
Sudan,0,1,0,1,2
Sunrise,0,1,0,1,2
Sweden-3,0,0,2,2,2
North Macedonia,0,1,0,1,2
Swedish Star,0,0,2,2,2
North Korea-1,0,0,2,2,2
Cyprus,0,1,0,1,2
Switzerland-2,0,0,2,2,2
Denmark-1,0,0,2,2,2
Nadine,0,1,0,1,2
Laurea-1,0,0,1,1,1
Mauritius,0,0,1,1,1
Monaco,0,0,1,1,1
Mignon-3,0,0,1,1,1
Potsdam,0,0,1,1,1
Macedonia,0,0,1,1,1
Togo,0,0,1,1,1
Ivory Coast,0,0,1,1,1
Iraq,0,0,1,1,1
Barbados,0,0,1,1,1
Guyana,0,0,1,1,1
Clearwater,0,0,1,1,1
Frimousse,0,0,1,1,1
Eritrea,0,0,1,1,1
Burkina Faso,0,0,1,1,1
Don Schufro,0,0,1,1,1
Turquoise-1,0,0,1,1,1
Djibouti,0,0,1,1,1
Digby,0,0,1,1,1
Formosa,0,0,1,1,1
